GEO.id,GEO.id2,GEO.display-label,HD01_VD01,HD02_VD01
1600000US0107000,0107000,"Birmingham city, Alabama",213434,1446
1600000US0121184,0121184,"Dothan city, Alabama",67714,288
1600000US0135896,0135896,"Hoover city, Alabama",84943,123
1600000US0137000,0137000,"Huntsville city, Alabama",196225,2817
1600000US0150000,0150000,"Mobile city, Alabama",192895,44
1600000US0151000,0151000,"Montgomery city, Alabama",200024,22
1600000US0177256,0177256,"Tuscaloosa city, Alabama",99556,48
1600000US0203000,0203000,"Anchorage municipality, Alaska",298192,*****
1600000US0404720,0404720,"Avondale city, Arizona",82875,36
1600000US0410670,0410670,"Casas Adobes CDP, Arizona",70589,5147
1600000US0412000,0412000,"Chandler city, Arizona",247459,76
1600000US0423620,0423620,"Flagstaff city, Arizona",71455,22
1600000US0427400,0427400,"Gilbert town, Arizona",237120,73
1600000US0427820,0427820,"Glendale city, Arizona",245849,165
1600000US0428380,0428380,"Goodyear city, Arizona",77266,44
1600000US0446000,0446000,"Mesa city, Arizona",484622,129
1600000US0454050,0454050,"Peoria city, Arizona",164198,105
1600000US0455000,0455000,"Phoenix city, Arizona",1615041,96
1600000US0464210,0464210,"San Tan Valley CDP, Arizona",82911,8009
1600000US0465000,0465000,"Scottsdale city, Arizona",246646,32
1600000US0471510,0471510,"Surprise city, Arizona",132673,41
1600000US0473000,0473000,"Tempe city, Arizona",182499,41
1600000US0477000,0477000,"Tucson city, Arizona",530690,77
1600000US0485540,0485540,"Yuma city, Arizona",94892,58
1600000US0515190,0515190,"Conway city, Arkansas",65300,18
1600000US0523290,0523290,"Fayetteville city, Arkansas",83823,33
1600000US0524550,0524550,"Fort Smith city, Arkansas",88122,40
1600000US0535710,0535710,"Jonesboro city, Arkansas",74892,21
1600000US0541000,0541000,"Little Rock city, Arkansas",198546,39
1600000US0550450,0550450,"North Little Rock city, Arkansas",66273,33
1600000US0560410,0560410,"Rogers city, Arkansas",65016,34
1600000US0566080,0566080,"Springdale city, Arkansas",81799,2998
1600000US0600562,0600562,"Alameda city, California",78907,29
1600000US0600884,0600884,"Alhambra city, California",85465,51
1600000US0602000,0602000,"Anaheim city, California",351066,89
1600000US0602252,0602252,"Antioch city, California",110876,85
1600000US0602364,0602364,"Apple Valley town, California",72542,47
1600000US0602553,0602553,"Arden-Arcade CDP, California",106061,8078
1600000US0603526,0603526,"Bakersfield city, California",376371,67
1600000US0603666,0603666,"Baldwin Park city, California",76465,28
1600000US0604982,0604982,"Bellflower city, California",77789,32
1600000US0606000,0606000,"Berkeley city, California",121241,34
1600000US0608786,0608786,"Buena Park city, California",83148,48
1600000US0608954,0608954,"Burbank city, California",104451,39
1600000US0610046,0610046,"Camarillo city, California",67345,57
1600000US0611194,0611194,"Carlsbad city, California",113957,44
1600000US0611390,0611390,"Carmichael CDP, California",63064,5876
1600000US0611530,0611530,"Carson city, California",92821,87
1600000US0611964,0611964,"Castro Valley CDP, California",65153,4863
1600000US0613014,0613014,"Chico city, California",91545,73
1600000US0613210,0613210,"Chino city, California",87771,43
1600000US0613214,0613214,"Chino Hills city, California",78821,38
1600000US0613392,0613392,"Chula Vista city, California",267169,40
1600000US0613588,0613588,"Citrus Heights city, California",87444,52
1600000US0614218,0614218,"Clovis city, California",106587,47
1600000US0615044,0615044,"Compton city, California",97537,56
1600000US0616000,0616000,"Concord city, California",128728,36
1600000US0616350,0616350,"Corona city, California",166774,60
1600000US0616532,0616532,"Costa Mesa city, California",112825,31
1600000US0617918,0617918,"Daly City city, California",106484,51
1600000US0618100,0618100,"Davis city, California",68107,31
1600000US0619766,0619766,"Downey city, California",113267,35
1600000US0620802,0620802,"East Los Angeles CDP, California",127804,9683
1600000US0621712,0621712,"El Cajon city, California",103769,36
1600000US0622020,0622020,"Elk Grove city, California",169780,123
1600000US0622230,0622230,"El Monte city, California",115800,44
1600000US0622804,0622804,"Escondido city, California",151594,80
1600000US0623182,0623182,"Fairfield city, California",114757,33
1600000US0624477,0624477,"Florence-Graham CDP, California",63582,7622
1600000US0624638,0624638,"Folsom city, California",77278,37
1600000US0624680,0624680,"Fontana city, California",209659,44
1600000US0626000,0626000,"Fremont city, California",233145,48
1600000US0627000,0627000,"Fresno city, California",522021,114
1600000US0628000,0628000,"Fullerton city, California",140734,56
1600000US0629000,0629000,"Garden Grove city, California",174877,78
1600000US0630000,0630000,"Glendale city, California",200826,41
1600000US0632548,0632548,"Hawthorne city, California",88032,30
1600000US0633000,0633000,"Hayward city, California",158969,110
1600000US0633182,0633182,"Hemet city, California",84277,36
1600000US0633434,0633434,"Hesperia city, California",93714,48
1600000US0636000,0636000,"Huntington Beach city, California",200631,78
1600000US0636448,0636448,"Indio city, California",88484,32
1600000US0636546,0636546,"Inglewood city, California",110667,55
1600000US0636770,0636770,"Irvine city, California",266117,43
1600000US0637692,0637692,"Jurupa Valley city, California",103543,27
1600000US0639248,0639248,"Laguna Niguel city, California",65328,30
1600000US0639496,0639496,"Lake Forest city, California",83236,33
1600000US0639892,0639892,"Lakewood city, California",81121,70
1600000US0640130,0640130,"Lancaster city, California",160107,38
1600000US0641992,0641992,"Livermore city, California",89118,31
1600000US0643000,0643000,"Long Beach city, California",470140,65
1600000US0644000,0644000,"Los Angeles city, California",3976324,60
1600000US0644574,0644574,"Lynwood city, California",71184,29
1600000US0645484,0645484,"Manteca city, California",76912,37
1600000US0646842,0646842,"Menifee city, California",88510,73
1600000US0646898,0646898,"Merced city, California",82573,77
1600000US0647766,0647766,"Milpitas city, California",77534,34
1600000US0648256,0648256,"Mission Viejo city, California",96386,50
1600000US0648354,0648354,"Modesto city, California",212172,38
1600000US0649270,0649270,"Moreno Valley city, California",205516,68
1600000US0649670,0649670,"Mountain View city, California",80459,56
1600000US0650076,0650076,"Murrieta city, California",111682,42
1600000US0650258,0650258,"Napa city, California",80412,32
1600000US0651182,0651182,"Newport Beach city, California",86683,28
1600000US0652526,0652526,"Norwalk city, California",106161,72
1600000US0653000,0653000,"Oakland city, California",419987,81
1600000US0653322,0653322,"Oceanside city, California",175441,87
1600000US0653896,0653896,"Ontario city, California",173211,43
1600000US0653980,0653980,"Orange city, California",140507,43
1600000US0654652,0654652,"Oxnard city, California",207911,41
1600000US0655156,0655156,"Palmdale city, California",157349,43
1600000US0655282,0655282,"Palo Alto city, California",67021,24
1600000US0656000,0656000,"Pasadena city, California",142052,49
1600000US0656700,0656700,"Perris city, California",76330,29
1600000US0657456,0657456,"Pittsburg city, California",70677,33
1600000US0657792,0657792,"Pleasanton city, California",82267,29
1600000US0658072,0658072,"Pomona city, California",152476,66
1600000US0659444,0659444,"Rancho Cordova city, California",72319,41
1600000US0659451,0659451,"Rancho Cucamonga city, California",176540,51
1600000US0659920,0659920,"Redding city, California",91797,46
1600000US0659962,0659962,"Redlands city, California",71288,26
1600000US0660018,0660018,"Redondo Beach city, California",67863,28
1600000US0660102,0660102,"Redwood City city, California",84965,61
1600000US0660466,0660466,"Rialto city, California",103300,66
1600000US0660620,0660620,"Richmond city, California",109814,35
1600000US0662000,0662000,"Riverside city, California",324727,60
1600000US0662938,0662938,"Roseville city, California",132683,54
1600000US0664000,0664000,"Sacramento city, California",495200,108
1600000US0664224,0664224,"Salinas city, California",157224,32
1600000US0665000,0665000,"San Bernardino city, California",216242,49
1600000US0665042,0665042,"San Buenaventura (Ventura) city, California",109591,31
1600000US0665084,0665084,"San Clemente city, California",65304,26
1600000US0666000,0666000,"San Diego city, California",1406622,73
1600000US0667000,0667000,"San Francisco city, California",870887,*****
1600000US0668000,0668000,"San Jose city, California",1025373,91
1600000US0668084,0668084,"San Leandro city, California",90460,30
1600000US0668196,0668196,"San Marcos city, California",95268,40
1600000US0668252,0668252,"San Mateo city, California",103959,35
1600000US0668378,0668378,"San Ramon city, California",75643,35
1600000US0669000,0669000,"Santa Ana city, California",334236,57
1600000US0669070,0669070,"Santa Barbara city, California",91940,50
1600000US0669084,0669084,"Santa Clara city, California",125938,37
1600000US0669088,0669088,"Santa Clarita city, California",181960,61
1600000US0669196,0669196,"Santa Maria city, California",106286,34
1600000US0670000,0670000,"Santa Monica city, California",92478,27
1600000US0670098,0670098,"Santa Rosa city, California",175143,51
1600000US0672016,0672016,"Simi Valley city, California",126327,44
1600000US0673080,0673080,"South Gate city, California",95537,21
1600000US0673262,0673262,"South San Francisco city, California",66989,38
1600000US0675000,0675000,"Stockton city, California",307057,71
1600000US0677000,0677000,"Sunnyvale city, California",152762,46
1600000US0678120,0678120,"Temecula city, California",113062,53
1600000US0678582,0678582,"Thousand Oaks city, California",128915,98
1600000US0680000,0680000,"Torrance city, California",147185,49
1600000US0680238,0680238,"Tracy city, California",89263,50
1600000US0680812,0680812,"Turlock city, California",72808,52
1600000US0680854,0680854,"Tustin city, California",80379,65
1600000US0681204,0681204,"Union City city, California",75316,40
1600000US0681344,0681344,"Upland city, California",76691,36
1600000US0681554,0681554,"Vacaville city, California",98308,39
1600000US0681666,0681666,"Vallejo city, California",121316,67
1600000US0682590,0682590,"Victorville city, California",122283,72
1600000US0682954,0682954,"Visalia city, California",131069,32
1600000US0682996,0682996,"Vista city, California",101665,43
1600000US0683346,0683346,"Walnut Creek city, California",69127,43
1600000US0684200,0684200,"West Covina city, California",107840,44
1600000US0684550,0684550,"Westminster city, California",91565,37
1600000US0685292,0685292,"Whittier city, California",86892,42
1600000US0686832,0686832,"Yorba Linda city, California",68236,30
1600000US0686972,0686972,"Yuba City city, California",66837,34
1600000US0803455,0803455,"Arvada city, Colorado",117308,1134
1600000US0804000,0804000,"Aurora city, Colorado",362249,1157
1600000US0807850,0807850,"Boulder city, Colorado",108108,65
1600000US0809280,0809280,"Broomfield city, Colorado",66529,*****
1600000US0812815,0812815,"Centennial city, Colorado",109935,48
1600000US0816000,0816000,"Colorado Springs city, Colorado",465084,70
1600000US0820000,0820000,"Denver city, Colorado",693060,*****
1600000US0827425,0827425,"Fort Collins city, Colorado",164196,46
1600000US0832155,0832155,"Greeley city, Colorado",104003,50
1600000US0836410,0836410,"Highlands Ranch CDP, Colorado",112436,4512
1600000US0843000,0843000,"Lakewood city, Colorado",154368,98
1600000US0845970,0845970,"Longmont city, Colorado",92813,32
1600000US0846465,0846465,"Loveland city, Colorado",76906,39
1600000US0862000,0862000,"Pueblo city, Colorado",110295,28
1600000US0877290,0877290,"Thornton city, Colorado",136690,55
1600000US0883835,0883835,"Westminster city, Colorado",113865,49
1600000US0908000,0908000,"Bridgeport city, Connecticut",145934,34
1600000US0918430,0918430,"Danbury city, Connecticut",85008,59
1600000US0937000,0937000,"Hartford city, Connecticut",123287,56
1600000US0950370,0950370,"New Britain city, Connecticut",72570,31
1600000US0952000,0952000,"New Haven city, Connecticut",129939,37
1600000US0955990,0955990,"Norwalk city, Connecticut",88440,27
1600000US0973000,0973000,"Stamford city, Connecticut",129105,44
1600000US0980000,0980000,"Waterbury city, Connecticut",108269,36
1600000US1077580,1077580,"Wilmington city, Delaware",71455,47
1600000US1150000,1150000,"Washington city, District of Columbia",681170,*****
1600000US1200410,1200410,"Alafaya CDP, Florida",91779,11033
1600000US1207300,1207300,"Boca Raton city, Florida",96115,31
1600000US1207875,1207875,"Boynton Beach city, Florida",75569,30
1600000US1208150,1208150,"Brandon CDP, Florida",109582,7538
1600000US1210275,1210275,"Cape Coral city, Florida",179795,36
1600000US1212875,1212875,"Clearwater city, Florida",114351,46
1600000US1214400,1214400,"Coral Springs city, Florida",130046,51
1600000US1216475,1216475,"Davie town, Florida",101857,56
1600000US1216525,1216525,"Daytona Beach city, Florida",66649,32
1600000US1216725,1216725,"Deerfield Beach city, Florida",79754,50
1600000US1217100,1217100,"Delray Beach city, Florida",67366,31
1600000US1217200,1217200,"Deltona city, Florida",90139,59
1600000US1224000,1224000,"Fort Lauderdale city, Florida",178764,52
1600000US1224125,1224125,"Fort Myers city, Florida",77154,41
1600000US1225175,1225175,"Gainesville city, Florida",131593,27
1600000US1230000,1230000,"Hialeah city, Florida",236385,42
1600000US1232000,1232000,"Hollywood city, Florida",152007,44
1600000US1232275,1232275,"Homestead city, Florida",68000,34
1600000US1235000,1235000,"Jacksonville city, Florida",880623,26
1600000US1236100,1236100,"Kendall CDP, Florida",77619,6924
1600000US1236950,1236950,"Kissimmee city, Florida",69369,23
1600000US1238250,1238250,"Lakeland city, Florida",106419,38
1600000US1239425,1239425,"Largo city, Florida",83077,48
1600000US1239550,1239550,"Lauderhill city, Florida",71635,40
1600000US1239925,1239925,"Lehigh Acres CDP, Florida",115673,7029
1600000US1243975,1243975,"Melbourne city, Florida",81192,36
1600000US1245000,1245000,"Miami city, Florida",453584,62
1600000US1245025,1245025,"Miami Beach city, Florida",91905,37
1600000US1245060,1245060,"Miami Gardens city, Florida",113045,64
1600000US1245975,1245975,"Miramar city, Florida",138461,51
1600000US1253000,1253000,"Orlando city, Florida",277198,108
1600000US1254000,1254000,"Palm Bay city, Florida",110107,29
1600000US1254200,1254200,"Palm Coast city, Florida",88337,2654
1600000US1255775,1255775,"Pembroke Pines city, Florida",168587,39
1600000US1256825,1256825,"Pine Hills CDP, Florida",76048,9408
1600000US1257425,1257425,"Plantation city, Florida",92717,45
1600000US1258050,1258050,"Pompano Beach city, Florida",109380,44
1600000US1258715,1258715,"Port St. Lucie city, Florida",185136,29
1600000US1260950,1260950,"Riverview CDP, Florida",88941,7618
1600000US1263000,1263000,"St. Petersburg city, Florida",260991,47
1600000US1268350,1268350,"Spring Hill CDP, Florida",111189,4448
1600000US1269700,1269700,"Sunrise city, Florida",93723,45
1600000US1270600,1270600,"Tallahassee city, Florida",190895,40
1600000US1270675,1270675,"Tamarac city, Florida",65190,46
1600000US1271000,1271000,"Tampa city, Florida",377172,68
1600000US1271569,1271569,"The Hammocks CDP, Florida",65814,8141
1600000US1271625,1271625,"The Villages CDP, Florida",71350,3771
1600000US1272145,1272145,"Town 'n' Country CDP, Florida",87561,7803
1600000US1276582,1276582,"Weston city, Florida",70023,40
1600000US1276600,1276600,"West Palm Beach city, Florida",108149,56
1600000US1301052,1301052,"Albany city, Georgia",74904,2458
1600000US1301696,1301696,"Alpharetta city, Georgia",65334,30
1600000US1303440,1303440,"Athens-Clarke County unified government (balance), Georgia",123456,523
1600000US1304000,1304000,"Atlanta city, Georgia",472506,67
1600000US1304204,1304204,"Augusta-Richmond County consolidated government (balance), Georgia",196194,1808
1600000US1319000,1319000,"Columbus city, Georgia",197485,*****
1600000US1342425,1342425,"Johns Creek city, Georgia",83884,50
1600000US1349008,1349008,"Macon-Bibb County, Georgia",152527,251
1600000US1367284,1367284,"Roswell city, Georgia",94592,31
1600000US1368516,1368516,"Sandy Springs city, Georgia",105720,63
1600000US1369000,1369000,"Savannah city, Georgia",146762,29
1600000US1380508,1380508,"Warner Robins city, Georgia",74401,460
1600000US1571550,1571550,"Urban Honolulu CDP, Hawaii",351769,82
1600000US1608830,1608830,"Boise City city, Idaho",223152,31
1600000US1652120,1652120,"Meridian city, Idaho",95627,24
1600000US1656260,1656260,"Nampa city, Idaho",91375,40
1600000US1702154,1702154,"Arlington Heights village, Illinois",74397,1904
1600000US1703012,1703012,"Aurora city, Illinois",197107,5891
1600000US1706613,1706613,"Bloomington city, Illinois",78024,68
1600000US1707133,1707133,"Bolingbrook village, Illinois",73367,4360
1600000US1712385,1712385,"Champaign city, Illinois",86649,46
1600000US1714000,1714000,"Chicago city, Illinois",2704965,51
1600000US1714351,1714351,"Cicero town, Illinois",82991,25
1600000US1718823,1718823,"Decatur city, Illinois",71435,1943
1600000US1723074,1723074,"Elgin city, Illinois",114521,4778
1600000US1724582,1724582,"Evanston city, Illinois",74899,29
1600000US1738570,1738570,"Joliet city, Illinois",146410,4795
1600000US1751622,1751622,"Naperville city, Illinois",148063,1923
1600000US1757225,1757225,"Palatine village, Illinois",68725,32
1600000US1759000,1759000,"Peoria city, Illinois",115588,2025
1600000US1765000,1765000,"Rockford city, Illinois",147404,1851
1600000US1768003,1768003,"Schaumburg village, Illinois",73803,1280
1600000US1770122,1770122,"Skokie village, Illinois",64292,75
1600000US1772000,1772000,"Springfield city, Illinois",115511,30
1600000US1779293,1779293,"Waukegan city, Illinois",84467,3234
1600000US1805860,1805860,"Bloomington city, Indiana",86654,2530
1600000US1810342,1810342,"Carmel city, Indiana",90533,1661
1600000US1822000,1822000,"Evansville city, Indiana",119407,3161
1600000US1823278,1823278,"Fishers city, Indiana",88930,2589
1600000US1825000,1825000,"Fort Wayne city, Indiana",261342,4425
1600000US1827000,1827000,"Gary city, Indiana",74186,3598
1600000US1831000,1831000,"Hammond city, Indiana",77131,32
1600000US1836003,1836003,"Indianapolis city (balance), Indiana",852506,4892
1600000US1840788,1840788,"Lafayette city, Indiana",71311,3468
1600000US1851876,1851876,"Muncie city, Indiana",68707,1760
1600000US1871000,1871000,"South Bend city, Indiana",102442,3088
1600000US1901855,1901855,"Ames city, Iowa",66190,19
1600000US1912000,1912000,"Cedar Rapids city, Iowa",131118,40
1600000US1919000,1919000,"Davenport city, Iowa",102608,25
1600000US1921000,1921000,"Des Moines city, Iowa",215328,84
1600000US1938595,1938595,"Iowa City city, Iowa",74384,53
1600000US1973335,1973335,"Sioux City city, Iowa",82105,3082
1600000US1982425,1982425,"Waterloo city, Iowa",67940,29
1600000US2036000,2036000,"Kansas City city, Kansas",153893,1631
1600000US2038900,2038900,"Lawrence city, Kansas",95355,21
1600000US2052575,2052575,"Olathe city, Kansas",135474,40
1600000US2053775,2053775,"Overland Park city, Kansas",188955,57
1600000US2064500,2064500,"Shawnee city, Kansas",65215,73
1600000US2071000,2071000,"Topeka city, Kansas",126812,28
1600000US2079000,2079000,"Wichita city, Kansas",389927,90
1600000US2108902,2108902,"Bowling Green city, Kentucky",65239,28
1600000US2146027,2146027,"Lexington-Fayette urban county, Kentucky",318449,*****
1600000US2148006,2148006,"Louisville/Jefferson County metro government (balance), Kentucky",616261,61
1600000US2205000,2205000,"Baton Rouge city, Louisiana",227707,44
1600000US2208920,2208920,"Bossier City city, Louisiana",68485,23
1600000US2239475,2239475,"Kenner city, Louisiana",67094,29
1600000US2240735,2240735,"Lafayette city, Louisiana",127625,30
1600000US2241155,2241155,"Lake Charles city, Louisiana",76861,48
1600000US2250115,2250115,"Metairie CDP, Louisiana",143475,7471
1600000US2255000,2255000,"New Orleans city, Louisiana",391495,*****
1600000US2270000,2270000,"Shreveport city, Louisiana",194472,915
1600000US2360545,2360545,"Portland city, Maine",66945,35
1600000US2404000,2404000,"Baltimore city, Maryland",614664,*****
1600000US2419125,2419125,"Columbia CDP, Maryland",107308,6439
1600000US2426000,2426000,"Ellicott City CDP, Maryland",68683,4247
1600000US2430325,2430325,"Frederick city, Maryland",70062,28
1600000US2431175,2431175,"Gaithersburg city, Maryland",67760,56
1600000US2432025,2432025,"Germantown CDP, Maryland",89940,7981
1600000US2432650,2432650,"Glen Burnie CDP, Maryland",69499,6257
1600000US2467675,2467675,"Rockville city, Maryland",66927,58
1600000US2472450,2472450,"Silver Spring CDP, Maryland",85988,7291
1600000US2481175,2481175,"Waldorf CDP, Maryland",75448,4374
1600000US2507000,2507000,"Boston city, Massachusetts",672840,3173
1600000US2509000,2509000,"Brockton city, Massachusetts",95623,39
1600000US2511000,2511000,"Cambridge city, Massachusetts",110644,38
1600000US2523000,2523000,"Fall River city, Massachusetts",88929,24
1600000US2524960,2524960,"Framingham CDP, Massachusetts",71583,47
1600000US2534550,2534550,"Lawrence city, Massachusetts",80216,29
1600000US2537000,2537000,"Lowell city, Massachusetts",110572,61
1600000US2537490,2537490,"Lynn city, Massachusetts",92708,38
1600000US2545000,2545000,"New Bedford city, Massachusetts",95035,30
1600000US2545560,2545560,"Newton city, Massachusetts",89041,28
1600000US2555745,2555745,"Quincy city, Massachusetts",93686,24
1600000US2562535,2562535,"Somerville city, Massachusetts",81324,22
1600000US2567000,2567000,"Springfield city, Massachusetts",154079,29
1600000US2582000,2582000,"Worcester city, Massachusetts",184509,36
1600000US2603000,2603000,"Ann Arbor city, Michigan",120777,33
1600000US2621000,2621000,"Dearborn city, Michigan",94430,52
1600000US2622000,2622000,"Detroit city, Michigan",672829,107
1600000US2627440,2627440,"Farmington Hills city, Michigan",81130,32
1600000US2629000,2629000,"Flint city, Michigan",97379,35
1600000US2634000,2634000,"Grand Rapids city, Michigan",196458,48
1600000US2642160,2642160,"Kalamazoo city, Michigan",75988,32
1600000US2646000,2646000,"Lansing city, Michigan",117400,1797
1600000US2649000,2649000,"Livonia city, Michigan",94044,28
1600000US2669035,2669035,"Rochester Hills city, Michigan",73418,30
1600000US2674900,2674900,"Southfield city, Michigan",73093,31
1600000US2676460,2676460,"Sterling Heights city, Michigan",132442,54
1600000US2680700,2680700,"Troy city, Michigan",83651,46
1600000US2684000,2684000,"Warren city, Michigan",135121,38
1600000US2686000,2686000,"Westland city, Michigan",81543,27
1600000US2688940,2688940,"Wyoming city, Michigan",75560,35
1600000US2706616,2706616,"Bloomington city, Minnesota",85337,64
1600000US2707966,2707966,"Brooklyn Park city, Minnesota",79708,31
1600000US2717000,2717000,"Duluth city, Minnesota",86300,35
1600000US2717288,2717288,"Eagan city, Minnesota",66431,29
1600000US2740166,2740166,"Maple Grove city, Minnesota",69569,32
1600000US2743000,2743000,"Minneapolis city, Minnesota",413645,45
1600000US2751730,2751730,"Plymouth city, Minnesota",77231,55
1600000US2754880,2754880,"Rochester city, Minnesota",114008,26
1600000US2756896,2756896,"St. Cloud city, Minnesota",67396,2364
1600000US2758000,2758000,"St. Paul city, Minnesota",302403,35
1600000US2771428,2771428,"Woodbury city, Minnesota",68824,28
1600000US2829700,2829700,"Gulfport city, Mississippi",72077,29
1600000US2836000,2836000,"Jackson city, Mississippi",169141,310
1600000US2915670,2915670,"Columbia city, Missouri",120606,30
1600000US2935000,2935000,"Independence city, Missouri",117031,34
1600000US2938000,2938000,"Kansas City city, Missouri",481360,151
1600000US2941348,2941348,"Lee's Summit city, Missouri",95782,525
1600000US2954074,2954074,"O'Fallon city, Missouri",86276,39
1600000US2964082,2964082,"St. Charles city, Missouri",69293,31
1600000US2964550,2964550,"St. Joseph city, Missouri",76506,1882
1600000US2965000,2965000,"St. Louis city, Missouri",311404,*****
1600000US2970000,2970000,"Springfield city, Missouri",167313,33
1600000US3006550,3006550,"Billings city, Montana",110314,36
1600000US3050200,3050200,"Missoula city, Montana",72362,24
1600000US3128000,3128000,"Lincoln city, Nebraska",280369,29
1600000US3137000,3137000,"Omaha city, Nebraska",446956,66
1600000US3223770,3223770,"Enterprise CDP, Nevada",139509,11035
1600000US3231900,3231900,"Henderson city, Nevada",292977,50
1600000US3240000,3240000,"Las Vegas city, Nevada",632916,61
1600000US3251800,3251800,"North Las Vegas city, Nevada",238689,54
1600000US3254600,3254600,"Paradise CDP, Nevada",242013,13183
1600000US3260600,3260600,"Reno city, Nevada",245251,44
1600000US3268400,3268400,"Sparks city, Nevada",98346,35
1600000US3268585,3268585,"Spring Valley CDP, Nevada",205933,10653
1600000US3271400,3271400,"Sunrise Manor CDP, Nevada",193357,10355
1600000US3345140,3345140,"Manchester city, New Hampshire",110499,36
1600000US3350260,3350260,"Nashua city, New Hampshire",87889,30
1600000US3403580,3403580,"Bayonne city, New Jersey",66224,53
1600000US3410000,3410000,"Camden city, New Jersey",74417,30
1600000US3413690,3413690,"Clifton city, New Jersey",85847,31
1600000US3419390,3419390,"East Orange city, New Jersey",64797,31
1600000US3421000,3421000,"Elizabeth city, New Jersey",128638,30
1600000US3436000,3436000,"Jersey City city, New Jersey",264161,48
1600000US3451000,3451000,"Newark city, New Jersey",281770,38
1600000US3456550,3456550,"Passaic city, New Jersey",70646,45
1600000US3457000,3457000,"Paterson city, New Jersey",147011,39
1600000US3473110,3473110,"Toms River CDP, New Jersey",88283,942
1600000US3474000,3474000,"Trenton city, New Jersey",84065,36
1600000US3474630,3474630,"Union City city, New Jersey",69298,28
1600000US3502000,3502000,"Albuquerque city, New Mexico",559270,40
1600000US3539380,3539380,"Las Cruces city, New Mexico",101760,28
1600000US3563460,3563460,"Rio Rancho city, New Mexico",96022,27
1600000US3570500,3570500,"Santa Fe city, New Mexico",83881,35
1600000US3601000,3601000,"Albany city, New York",98106,53
1600000US3608026,3608026,"Brentwood CDP, New York",62132,6543
1600000US3611000,3611000,"Buffalo city, New York",256908,38
1600000US3615000,3615000,"Cheektowaga CDP, New York",73199,2789
1600000US3649121,3649121,"Mount Vernon city, New York",68348,29
1600000US3650617,3650617,"New Rochelle city, New York",79558,29
1600000US3651000,3651000,"New York city, New York",8537673,*****
1600000US3663000,3663000,"Rochester city, New York",208886,36
1600000US3665508,3665508,"Schenectady city, New York",64907,35
1600000US3673000,3673000,"Syracuse city, New York",143378,31
1600000US3684000,3684000,"Yonkers city, New York",200792,61
1600000US3702140,3702140,"Asheville city, North Carolina",89098,76
1600000US3710740,3710740,"Cary town, North Carolina",164007,921
1600000US3712000,3712000,"Charlotte city, North Carolina",842029,96
1600000US3714100,3714100,"Concord city, North Carolina",89895,32
1600000US3719000,3719000,"Durham city, North Carolina",262989,23
1600000US3722920,3722920,"Fayetteville city, North Carolina",204777,68
1600000US3725580,3725580,"Gastonia city, North Carolina",75537,31
1600000US3728000,3728000,"Greensboro city, North Carolina",287019,53
1600000US3728080,3728080,"Greenville city, North Carolina",91500,34
1600000US3731400,3731400,"High Point city, North Carolina",115299,3691
1600000US3734200,3734200,"Jacksonville city, North Carolina",67795,45
1600000US3755000,3755000,"Raleigh city, North Carolina",458862,405
1600000US3774440,3774440,"Wilmington city, North Carolina",117545,71
1600000US3775000,3775000,"Winston-Salem city, North Carolina",242200,43
1600000US3807200,3807200,"Bismarck city, North Dakota",68780,2762
1600000US3825700,3825700,"Fargo city, North Dakota",120235,2348
1600000US3901000,3901000,"Akron city, Ohio",197634,29
1600000US3912000,3912000,"Canton city, Ohio",71329,34
1600000US3915000,3915000,"Cincinnati city, Ohio",298802,35
1600000US3916000,3916000,"Cleveland city, Ohio",385810,45
1600000US3918000,3918000,"Columbus city, Ohio",862643,3517
1600000US3921000,3921000,"Dayton city, Ohio",140478,53
1600000US3944856,3944856,"Lorain city, Ohio",63736,32
1600000US3961000,3961000,"Parma city, Ohio",79423,25
1600000US3977000,3977000,"Toledo city, Ohio",278512,36
1600000US3988000,3988000,"Youngstown city, Ohio",64301,24
1600000US4009050,4009050,"Broken Arrow city, Oklahoma",109439,1943
1600000US4023200,4023200,"Edmond city, Oklahoma",91187,31
1600000US4041850,4041850,"Lawton city, Oklahoma",94652,24
1600000US4052500,4052500,"Norman city, Oklahoma",122186,37
1600000US4055000,4055000,"Oklahoma City city, Oklahoma",638311,73
1600000US4075000,4075000,"Tulsa city, Oklahoma",403622,1399
1600000US4105350,4105350,"Beaverton city, Oregon",97602,50
1600000US4105800,4105800,"Bend city, Oregon",91123,19
1600000US4123850,4123850,"Eugene city, Oregon",166581,39
1600000US4131250,4131250,"Gresham city, Oregon",111521,35
1600000US4134100,4134100,"Hillsboro city, Oregon",105171,38
1600000US4147000,4147000,"Medford city, Oregon",81621,50
1600000US4159000,4159000,"Portland city, Oregon",639635,1164
1600000US4164900,4164900,"Salem city, Oregon",167421,36
1600000US4202000,4202000,"Allentown city, Pennsylvania",120440,27
1600000US4206088,4206088,"Bethlehem city, Pennsylvania",76427,2687
1600000US4224000,4224000,"Erie city, Pennsylvania",98601,33
1600000US4260000,4260000,"Philadelphia city, Pennsylvania",1567872,*****
1600000US4261000,4261000,"Pittsburgh city, Pennsylvania",303624,35
1600000US4263624,4263624,"Reading city, Pennsylvania",87575,28
1600000US4269000,4269000,"Scranton city, Pennsylvania",77294,24
1600000US4419180,4419180,"Cranston city, Rhode Island",81025,39
1600000US4454640,4454640,"Pawtucket city, Rhode Island",71434,36
1600000US4459000,4459000,"Providence city, Rhode Island",179214,35
1600000US4474300,4474300,"Warwick city, Rhode Island",81576,23
1600000US4513330,4513330,"Charleston city, South Carolina",137539,2440
1600000US4516000,4516000,"Columbia city, South Carolina",133972,297
1600000US4530850,4530850,"Greenville city, South Carolina",67447,30
1600000US4548535,4548535,"Mount Pleasant town, South Carolina",84177,33
1600000US4550875,4550875,"North Charleston city, South Carolina",112147,4644
1600000US4561405,4561405,"Rock Hill city, South Carolina",72926,46
1600000US4652980,4652980,"Rapid City city, South Dakota",74050,26
1600000US4659020,4659020,"Sioux Falls city, South Dakota",174350,38
1600000US4714000,4714000,"Chattanooga city, Tennessee",177582,49
1600000US4715160,4715160,"Clarksville city, Tennessee",150280,37
1600000US4727740,4727740,"Franklin city, Tennessee",74788,34
1600000US4737640,4737640,"Jackson city, Tennessee",67006,23
1600000US4738320,4738320,"Johnson City city, Tennessee",66976,1098
1600000US4740000,4740000,"Knoxville city, Tennessee",186238,32
1600000US4748000,4748000,"Memphis city, Tennessee",652752,122
1600000US4751560,4751560,"Murfreesboro city, Tennessee",131939,37
1600000US4752006,4752006,"Nashville-Davidson metropolitan government (balance), Tennessee",660393,30
1600000US4801000,4801000,"Abilene city, Texas",128272,3320
1600000US4801924,4801924,"Allen city, Texas",99166,51
1600000US4803000,4803000,"Amarillo city, Texas",197812,2701
1600000US4804000,4804000,"Arlington city, Texas",392787,67
1600000US4804462,4804462,"Atascocita CDP, Texas",72763,9049
1600000US4805000,4805000,"Austin city, Texas",947897,69
1600000US4806128,4806128,"Baytown city, Texas",76834,2222
1600000US4807000,4807000,"Beaumont city, Texas",118309,35
1600000US4810768,4810768,"Brownsville city, Texas",183829,32
1600000US4810912,4810912,"Bryan city, Texas",83265,28
1600000US4813024,4813024,"Carrollton city, Texas",133351,38
1600000US4813552,4813552,"Cedar Park city, Texas",70498,3391
1600000US4815976,4815976,"College Station city, Texas",112142,26
1600000US4816432,4816432,"Conroe city, Texas",82296,42
1600000US4817000,4817000,"Corpus Christi city, Texas",325734,25
1600000US4819000,4819000,"Dallas city, Texas",1317942,102
1600000US4819972,4819972,"Denton city, Texas",133803,37
1600000US4822660,4822660,"Edinburg city, Texas",87642,34
1600000US4824000,4824000,"El Paso city, Texas",683088,49
1600000US4826232,4826232,"Flower Mound town, Texas",73289,58
1600000US4827000,4827000,"Fort Worth city, Texas",855897,2918
1600000US4827684,4827684,"Frisco city, Texas",163631,95
1600000US4829000,4829000,"Garland city, Texas",234588,60
1600000US4829336,4829336,"Georgetown city, Texas",67137,29
1600000US4830464,4830464,"Grand Prairie city, Texas",190626,69
1600000US4832372,4832372,"Harlingen city, Texas",65533,30
1600000US4835000,4835000,"Houston city, Texas",2304388,2884
1600000US4837000,4837000,"Irving city, Texas",238284,42
1600000US4839148,4839148,"Killeen city, Texas",143397,30
1600000US4841464,4841464,"Laredo city, Texas",257988,2598
1600000US4841980,4841980,"League City city, Texas",101619,1270
1600000US4842508,4842508,"Lewisville city, Texas",104676,563
1600000US4843888,4843888,"Longview city, Texas",81712,878
1600000US4845000,4845000,"Lubbock city, Texas",252514,32
1600000US4845384,4845384,"McAllen city, Texas",142203,39
1600000US4845744,4845744,"McKinney city, Texas",172318,80
1600000US4846452,4846452,"Mansfield city, Texas",65205,1073
1600000US4847892,4847892,"Mesquite city, Texas",143763,252
1600000US4848072,4848072,"Midland city, Texas",134613,19
1600000US4848768,4848768,"Mission city, Texas",83556,36
1600000US4848804,4848804,"Missouri City city, Texas",74875,2652
1600000US4850820,4850820,"New Braunfels city, Texas",70999,2734
1600000US4852356,4852356,"North Richland Hills city, Texas",69807,40
1600000US4853388,4853388,"Odessa city, Texas",117749,929
1600000US4856000,4856000,"Pasadena city, Texas",153359,44
1600000US4856348,4856348,"Pearland city, Texas",117367,2908
1600000US4857200,4857200,"Pharr city, Texas",77314,30
1600000US4858016,4858016,"Plano city, Texas",286047,1382
1600000US4861796,4861796,"Richardson city, Texas",113368,79
1600000US4863500,4863500,"Round Rock city, Texas",120528,1096
1600000US4864472,4864472,"San Angelo city, Texas",103526,2105
1600000US4865000,4865000,"San Antonio city, Texas",1492494,86
1600000US4870808,4870808,"Sugar Land city, Texas",88187,47
1600000US4872176,4872176,"Temple city, Texas",73597,32
1600000US4872656,4872656,"The Woodlands CDP, Texas",112076,9297
1600000US4874144,4874144,"Tyler city, Texas",104796,30
1600000US4875428,4875428,"Victoria city, Texas",67672,19
1600000US4876000,4876000,"Waco city, Texas",134422,46
1600000US4879000,4879000,"Wichita Falls city, Texas",104735,43
1600000US4943660,4943660,"Layton city, Utah",75658,30
1600000US4955980,4955980,"Ogden city, Utah",86709,30
1600000US4957300,4957300,"Orem city, Utah",97508,38
1600000US4962470,4962470,"Provo city, Utah",116874,35
1600000US4965330,4965330,"St. George city, Utah",82315,24
1600000US4967000,4967000,"Salt Lake City city, Utah",193776,122
1600000US4967440,4967440,"Sandy city, Utah",95827,45
1600000US4970850,4970850,"South Jordan city, Utah",69034,28
1600000US4982950,4982950,"West Jordan city, Utah",113688,52
1600000US4983470,4983470,"West Valley City city, Utah",136579,47
1600000US5101000,5101000,"Alexandria city, Virginia",155810,*****
1600000US5103000,5103000,"Arlington CDP, Virginia",230050,*****
1600000US5114440,5114440,"Centreville CDP, Virginia",68024,5746
1600000US5116000,5116000,"Chesapeake city, Virginia",237940,*****
1600000US5121088,5121088,"Dale City CDP, Virginia",72073,7320
1600000US5135000,5135000,"Hampton city, Virginia",135410,*****
1600000US5147672,5147672,"Lynchburg city, Virginia",80212,*****
1600000US5156000,5156000,"Newport News city, Virginia",181825,*****
1600000US5157000,5157000,"Norfolk city, Virginia",245115,*****
1600000US5164000,5164000,"Portsmouth city, Virginia",95252,*****
1600000US5167000,5167000,"Richmond city, Virginia",223170,*****
1600000US5168000,5168000,"Roanoke city, Virginia",99660,*****
1600000US5176432,5176432,"Suffolk city, Virginia",89273,*****
1600000US5182000,5182000,"Virginia Beach city, Virginia",452602,*****
1600000US5303180,5303180,"Auburn city, Washington",75968,2030
1600000US5305210,5305210,"Bellevue city, Washington",141415,59
1600000US5305280,5305280,"Bellingham city, Washington",87577,31
1600000US5322640,5322640,"Everett city, Washington",109035,42
1600000US5323515,5323515,"Federal Way city, Washington",96748,44
1600000US5335275,5335275,"Kennewick city, Washington",80469,57
1600000US5335415,5335415,"Kent city, Washington",127506,54
1600000US5335940,5335940,"Kirkland city, Washington",87672,98
1600000US5343955,5343955,"Marysville city, Washington",67625,23
1600000US5353545,5353545,"Pasco city, Washington",71934,3510
1600000US5357745,5357745,"Renton city, Washington",100952,34
1600000US5363000,5363000,"Seattle city, Washington",704358,51
1600000US5367000,5367000,"Spokane city, Washington",215964,43
1600000US5367167,5367167,"Spokane Valley city, Washington",96337,31
1600000US5370000,5370000,"Tacoma city, Washington",211304,88
1600000US5374060,5374060,"Vancouver city, Washington",174836,97
1600000US5380010,5380010,"Yakima city, Washington",93974,49
1600000US5502375,5502375,"Appleton city, Wisconsin",75465,2015
1600000US5522300,5522300,"Eau Claire city, Wisconsin",67776,503
1600000US5531000,5531000,"Green Bay city, Wisconsin",105142,28
1600000US5539225,5539225,"Kenosha city, Wisconsin",99634,25
1600000US5548000,5548000,"Madison city, Wisconsin",252557,45
1600000US5553000,5553000,"Milwaukee city, Wisconsin",595070,71
1600000US5560500,5560500,"Oshkosh city, Wisconsin",66570,35
1600000US5566000,5566000,"Racine city, Wisconsin",77572,27
1600000US5584250,5584250,"Waukesha city, Wisconsin",72358,31
